{
  "project_info": {
    "project_number": "317183707159",
    "firebase_url": "https://iot-control-c259b.firebaseio.com",
    "project_id": "iot-control-c259b",
    "storage_bucket": "iot-control-c259b.appspot.com"
  },
  "client": [
    {
      "client_info": {
        "mobilesdk_app_id": "1:317183707159:android:00376b282439dd69",
        "android_client_info": {
          "package_name": "mychat.ritesh.example.com.qqq"
        }
      },
      "oauth_client": [
        {
          "client_id": "317183707159-nd89tk22bicrs9on0gc9ircn2tn8sofn.apps.googleusercontent.com",
          "client_type": 1,
          "android_info": {
            "package_name": "mychat.ritesh.example.com.qqq",
            "certificate_hash": "4f6bba423db7853e876c2ce19e2373e9e9c7f25e"
          }
        },
        {
          "client_id": "317183707159-2bvpv40kklnt6gbd037p1fv8vbdabqsq.apps.googleusercontent.com",
          "client_type": 3
        }
      ],
      "api_key": [
        {
          "current_key": "AIzaSyBW5w2rj96vAGDiF16qJeXqtjuO5gi9nhQ"
        }
      ],
      "services": {
        "analytics_service": {
          "status": 1
        },
        "appinvite_service": {
          "status": 2,
          "other_platform_oauth_client": [
            {
              "client_id": "317183707159-rmukobg5qr4di8kq8n57i5cv8s08i9bn.apps.googleusercontent.com",
              "client_type": 3
            }
          ]
        },
        "ads_service": {
          "status": 2
        }
      }
    }
  ],
  "configuration_version": "1"
}